payment_type,card_number,date_time,payment_status
visa,4041599113772606,11/20/2023,Failed
mastercard,5048377669574050,07/01/2023,Success
mastercard,5108757938915563,02/06/2024,Success
visa,4041599495896171,5/18/2023,Success
mastercard,5108750150574713,10/04/2023,Success
mastercard,5100147888929061,11/22/2023,Success
mastercard,5007665588930067,12/28/2023,Success
mastercard,5002350185528029,11/15/2023,Success
americanexpress,3.74289E+14,04/06/2023,Success
americanexpress,3.74623E+14,05/05/2023,Success
visa,4041594542902247,1/24/2024,Success
visa,4.04137E+12,02/03/2024,Success
americanexpress,3.37942E+14,04/04/2023,Success
mastercard,5048377819636411,06/01/2023,Success
mastercard,5100138104917022,08/11/2023,Success
americanexpress,3.37941E+14,08/04/2023,Success
visa,4.01795E+12,04/03/2023,Success
mastercard,5007667439415074,06/03/2023,Success
americanexpress,3.72302E+14,3/28/2023,Success
americanexpress,3.37941E+14,05/08/2023,Success
americanexpress,3.37941E+14,3/24/2023,Success
mastercard,5108755338154668,1/15/2024,Success
mastercard,5100130819614358,11/07/2023,Success
mastercard,5048372889285744,8/18/2023,Success
visa,4.04159E+12,7/30/2023,Success
mastercard,5100147737059680,01/08/2024,Success
visa,4041594811295786,6/14/2023,Success
americanexpress,3.37941E+14,11/07/2023,Success
mastercard,5010127973619594,11/05/2023,Success
americanexpress,3.37941E+14,10/29/2023,Success
mastercard,5048377739711310,8/15/2023,Success
visa,4041599678837356,7/21/2023,Success
visa,4.0416E+12,8/20/2023,Pending
mastercard,5048376869617727,7/21/2023,Failed
mastercard,5048373821189564,6/28/2023,Failed
visa,4041590557226217,5/17/2023,Failed
mastercard,5108754070652377,9/27/2023,Failed
mastercard,5007661713896158,3/17/2023,Failed
americanexpress,3.74288E+14,1/17/2024,Failed
americanexpress,3.74289E+14,10/25/2023,Failed
americanexpress,3.74622E+14,12/06/2023,Failed
americanexpress,3.37941E+14,07/08/2023,Failed
americanexpress,3.74289E+14,12/11/2023,Failed
americanexpress,3.74289E+14,02/10/2024,Failed
visa,4041591049501100,10/05/2023,Failed
americanexpress,3.37942E+14,11/13/2023,Failed
mastercard,5002359590705726,9/24/2023,Failed
mastercard,5048370961797370,7/30/2023,Failed
visa,4.01795E+12,06/07/2023,Success
mastercard,5007665707124881,08/12/2023,Success
visa,4041374851256372,01/09/2024,Success
americanexpress,3.74289E+14,01/10/2024,Success
mastercard,5007669251328724,11/30/2023,Success
americanexpress,3.72302E+14,1/21/2024,Success
americanexpress,3.72301E+14,8/21/2023,Pending
visa,4.04159E+12,05/06/2023,Pending
americanexpress,3.72301E+14,10/30/2023,Pending
visa,4.04137E+12,05/07/2023,Pending
americanexpress,3.37942E+14,9/19/2023,Pending
americanexpress,3.72302E+14,05/02/2023,Pending
mastercard,5100142601390022,9/26/2023,Pending
mastercard,5100142374045829,03/01/2024,Pending
mastercard,5048373086720681,12/28/2023,Pending
visa,4.04159E+12,2/27/2024,Pending
americanexpress,3.74283E+14,9/18/2023,Pending
americanexpress,3.37942E+14,12/21/2023,Pending
mastercard,5100146936423614,9/22/2023,Pending
americanexpress,3.74623E+14,07/06/2023,Pending
americanexpress,3.74284E+14,12/04/2023,Success
americanexpress,3.37941E+14,7/27/2023,Success
mastercard,5108758232376049,01/07/2024,Success
americanexpress,3.72302E+14,9/18/2023,Success
americanexpress,3.74623E+14,3/24/2023,Success
mastercard,5108757712971360,8/30/2023,Success
americanexpress,3.72301E+14,3/17/2023,Success
mastercard,5100130333144619,5/14/2023,Success
americanexpress,3.74623E+14,11/12/2023,Success
americanexpress,3.37942E+14,10/16/2023,Success
visa,4017952570455621,4/21/2023,Success
americanexpress,3.72301E+14,2/28/2024,Success
mastercard,5002353137761706,11/29/2023,Success
mastercard,5007663660557320,01/04/2024,Success
mastercard,5010123458730402,12/04/2023,Success
visa,4.01796E+12,01/06/2024,Success
mastercard,5048375733782774,01/01/2024,Success
americanexpress,3.74283E+14,06/06/2023,Success
visa,4041598231928355,11/10/2023,Success
visa,4.04138E+12,8/22/2023,Success
americanexpress,3.74622E+14,5/28/2023,Success
americanexpress,3.74622E+14,05/09/2023,Success
americanexpress,3.74622E+14,06/11/2023,Success
americanexpress,3.74622E+14,05/10/2023,Success
americanexpress,3.74623E+14,03/06/2023,Success
mastercard,5100144444465417,06/01/2023,Success
mastercard,5100178588549511,7/14/2023,Success
americanexpress,3.37941E+14,11/11/2023,Success
americanexpress,3.37941E+14,07/03/2023,Success
mastercard,5100177704908569,03/06/2023,Success
americanexpress,3.74288E+14,02/11/2024,Success
visa,4017958273963977,3/27/2023,Success
visa,4.01796E+12,12/05/2023,Success
americanexpress,3.74623E+14,4/18/2023,Success
mastercard,5100179000055178,02/11/2024,Success
visa,4.0416E+12,12/09/2023,Success
visa,4.0416E+12,5/14/2023,Success
mastercard,5100176416390249,04/05/2023,Success
visa,4.04138E+12,1/15/2024,Success
visa,4041591075554429,9/16/2023,Success
mastercard,5048370280756511,9/22/2023,Success
americanexpress,3.74283E+14,12/11/2023,Success
mastercard,5100139984931729,10/25/2023,Failed
mastercard,5108751865709149,3/21/2023,Failed
visa,4.04138E+12,04/05/2023,Failed
americanexpress,3.74283E+14,5/25/2023,Failed
visa,4.04138E+12,10/04/2023,Failed
americanexpress,3.74283E+14,08/01/2023,Failed
americanexpress,3.37941E+14,6/15/2023,Failed
americanexpress,3.72301E+14,1/24/2024,Success
americanexpress,3.37942E+14,2/13/2024,Success
americanexpress,3.74622E+14,8/14/2023,Success
americanexpress,3.74622E+14,10/26/2023,Success
mastercard,5048378182392608,11/03/2023,Success
mastercard,5048371230128124,3/26/2023,Success
americanexpress,3.74284E+14,2/14/2024,Success
americanexpress,3.74622E+14,07/02/2023,Success
mastercard,5100149295422334,3/21/2023,Success
visa,4.0416E+12,03/09/2023,Success
mastercard,5108752850207446,04/02/2023,Success
americanexpress,3.74622E+14,9/15/2023,Success
mastercard,5048373921622324,2/19/2024,Success
mastercard,5007662794326339,6/29/2023,Success
mastercard,5100174379529739,4/18/2023,Success
mastercard,5048378368634237,05/12/2023,Success
mastercard,5002350640134652,01/04/2024,Pending
visa,4041371528249483,6/21/2023,Pending
americanexpress,3.37942E+14,4/20/2023,Pending
americanexpress,3.74288E+14,9/29/2023,Pending
mastercard,5108757399781306,4/27/2023,Pending
visa,4017950126258788,6/16/2023,Pending
americanexpress,3.74623E+14,05/03/2023,Pending
mastercard,5100148369522607,12/13/2023,Pending
americanexpress,3.74622E+14,2/17/2024,Pending
americanexpress,3.74288E+14,3/17/2023,Pending
americanexpress,3.74289E+14,07/04/2023,Pending
americanexpress,3.74623E+14,07/07/2023,Success
mastercard,5108753287684090,03/02/2024,Success
mastercard,5007665585817127,5/21/2023,Success
mastercard,5100133577627141,05/01/2023,Success
mastercard,5048371256634294,06/07/2023,Success
americanexpress,3.74284E+14,7/23/2023,Success
visa,4.04138E+12,02/05/2024,Success
mastercard,5010125975379498,7/19/2023,Success
americanexpress,3.37941E+14,10/19/2023,Success
americanexpress,3.72302E+14,02/08/2024,Success
visa,4041375096835052,3/19/2023,Success
americanexpress,3.37942E+14,08/08/2023,Success
mastercard,5007669625286798,3/13/2023,Success
visa,4041370402198295,3/19/2023,Success
mastercard,5108751373143922,1/27/2024,Success
americanexpress,3.37942E+14,8/26/2023,Success
americanexpress,3.74622E+14,4/25/2023,Success
mastercard,5100141273794982,8/19/2023,Success
visa,4.0416E+12,09/01/2023,Success
americanexpress,3.74623E+14,5/27/2023,Success
mastercard,5100137433968557,12/16/2023,Success
americanexpress,3.72302E+14,03/04/2023,Success
americanexpress,3.74283E+14,07/04/2023,Success
americanexpress,3.37941E+14,6/18/2023,Success
americanexpress,3.37942E+14,3/31/2023,Success
visa,4041371725897258,1/31/2024,Success
americanexpress,3.74283E+14,08/07/2023,Success
americanexpress,3.74623E+14,11/21/2023,Success
visa,4.04159E+12,06/05/2023,Success
americanexpress,3.74283E+14,12/15/2023,Success
mastercard,5100134714837338,2/17/2024,Success
americanexpress,3.74622E+14,5/22/2023,Success
americanexpress,3.74284E+14,05/02/2023,Success
mastercard,5100145796846104,8/18/2023,Success
mastercard,5108754373495508,9/16/2023,Success
mastercard,5048379910868489,7/19/2023,Success
mastercard,5048378559938728,2/16/2024,Success
americanexpress,3.72301E+14,10/22/2023,Failed
americanexpress,3.72301E+14,12/21/2023,Failed
americanexpress,3.74284E+14,06/08/2023,Failed
americanexpress,3.74622E+14,5/22/2023,Failed
visa,4.0416E+12,2/27/2024,Failed
americanexpress,3.74622E+14,10/24/2023,Failed
visa,4.04159E+12,04/11/2023,Failed
visa,4041590665677442,03/04/2023,Success
mastercard,5010124870971210,7/22/2023,Success
americanexpress,3.74623E+14,12/25/2023,Success
visa,4041597066928258,1/22/2024,Success
mastercard,5007668936628193,4/29/2023,Success
americanexpress,3.37942E+14,10/29/2023,Success
mastercard,5100138066732880,6/21/2023,Success
mastercard,5100149365207748,10/28/2023,Success
mastercard,5100144523195661,06/05/2023,Success
americanexpress,3.37941E+14,2/18/2024,Success
visa,4.0416E+12,9/13/2023,Success
americanexpress,3.37942E+14,5/13/2023,Success
mastercard,5100142848411565,10/10/2023,Success
americanexpress,3.72301E+14,10/06/2023,Success
mastercard,5048371498765435,09/11/2023,Success
mastercard,5100172805431967,08/04/2023,Success
mastercard,5010124412292794,02/12/2024,Pending
mastercard,5048371567580434,10/06/2023,Pending
americanexpress,3.37942E+14,08/02/2023,Pending
americanexpress,3.74623E+14,06/01/2023,Pending
visa,4041376826058775,5/25/2023,Pending
americanexpress,3.74622E+14,11/03/2023,Pending
americanexpress,3.74284E+14,07/07/2023,Pending
americanexpress,3.37942E+14,04/11/2023,Pending
americanexpress,3.37941E+14,09/06/2023,Pending
americanexpress,3.74622E+14,6/16/2023,Pending
mastercard,5007661529573769,02/12/2024,Pending
visa,4.01795E+12,03/09/2023,Success
americanexpress,3.72302E+14,04/04/2023,Success
americanexpress,3.37942E+14,8/20/2023,Success
mastercard,5100137470161975,5/24/2023,Success
americanexpress,3.37941E+14,5/17/2023,Success
americanexpress,3.74622E+14,7/18/2023,Success
mastercard,5108752637124401,10/13/2023,Success
americanexpress,3.74623E+14,6/25/2023,Success
americanexpress,3.74289E+14,11/26/2023,Success
americanexpress,3.74623E+14,12/16/2023,Success
americanexpress,3.37941E+14,03/02/2024,Success
visa,4.0416E+12,10/31/2023,Success
mastercard,5108755363546804,07/10/2023,Success
americanexpress,3.74622E+14,9/26/2023,Success
americanexpress,3.74622E+14,6/20/2023,Success
mastercard,5108757207417010,6/30/2023,Success
mastercard,5108750032325672,7/30/2023,Success
mastercard,5100139379677671,06/09/2023,Success
americanexpress,3.37942E+14,04/03/2023,Success
mastercard,5100133063807140,05/12/2023,Success
americanexpress,3.74283E+14,1/21/2024,Success
visa,4.04159E+12,2/13/2024,Success
mastercard,5108757163533990,10/18/2023,Success
mastercard,5007664840726058,12/23/2023,Success
mastercard,5010124359832800,07/08/2023,Success
americanexpress,3.72301E+14,5/25/2023,Success
americanexpress,3.74289E+14,6/22/2023,Success
americanexpress,3.74623E+14,7/28/2023,Success
visa,4.01796E+12,06/04/2023,Success
visa,4041590298715734,08/03/2023,Success
visa,4.04159E+12,03/01/2024,Success
mastercard,5108759804848613,01/08/2024,Success
visa,4041376145802135,04/07/2023,Success
mastercard,5100174967621229,1/25/2024,Success
mastercard,5100147914606311,4/15/2023,Success
americanexpress,3.74623E+14,12/22/2023,Success
mastercard,5100131757190096,3/17/2023,Success
americanexpress,3.37942E+14,10/06/2023,Failed
visa,4.0416E+12,04/09/2023,Failed
americanexpress,3.37942E+14,01/01/2024,Failed
visa,4.01795E+12,12/14/2023,Failed
mastercard,5010127650310764,10/28/2023,Failed
americanexpress,3.37941E+14,4/19/2023,Failed
mastercard,5108752156956480,10/31/2023,Failed
visa,4041598533666505,04/10/2023,Success
americanexpress,3.74288E+14,8/13/2023,Success
americanexpress,3.37942E+14,12/27/2023,Success
visa,4.04159E+12,1/17/2024,Success
mastercard,5002359550337734,3/26/2023,Success
americanexpress,3.37942E+14,1/30/2024,Success
visa,4.04159E+12,03/04/2023,Success
americanexpress,3.37942E+14,5/15/2023,Success
mastercard,5048371441861331,12/21/2023,Success
visa,4041591136985646,11/19/2023,Success
visa,4041379565973774,5/13/2023,Success
americanexpress,3.37941E+14,06/09/2023,Success
americanexpress,3.74283E+14,8/31/2023,Success
visa,4.04159E+12,1/27/2024,Success
mastercard,5100145231507774,3/22/2023,Success
americanexpress,3.37942E+14,12/08/2023,Success
visa,4.01795E+12,12/31/2023,Success
mastercard,5108750570244020,1/24/2024,Success
americanexpress,3.37942E+14,02/01/2024,Success
mastercard,5100172046932914,12/06/2023,Success
mastercard,5100135952182741,2/17/2024,Success
visa,4.04137E+12,11/25/2023,Success
visa,4017957367554908,6/17/2023,Success
americanexpress,3.74622E+14,4/19/2023,Success
americanexpress,3.72301E+14,10/16/2023,Success
americanexpress,3.37942E+14,06/05/2023,Success
visa,4017958562808248,7/26/2023,Success
americanexpress,3.37941E+14,10/09/2023,Success
mastercard,5100139355607932,8/17/2023,Success
americanexpress,3.37942E+14,10/08/2023,Success
visa,4.01795E+12,9/22/2023,Success
americanexpress,3.74289E+14,1/29/2024,Success
americanexpress,3.72301E+14,7/23/2023,Success
americanexpress,3.37942E+14,4/26/2023,Success
americanexpress,3.37941E+14,3/16/2023,Success
visa,4.0416E+12,2/15/2024,Success
mastercard,5108758728285787,1/25/2024,Success
americanexpress,3.37941E+14,9/21/2023,Success
mastercard,5108753405462734,9/16/2023,Success
visa,4041373372658447,7/27/2023,Success
visa,4.04159E+12,1/13/2024,Success
americanexpress,3.74283E+14,11/27/2023,Failed
mastercard,5100175365273893,4/20/2023,Success
visa,4017959630649507,3/25/2023,Success
americanexpress,3.37941E+14,11/23/2023,Success
americanexpress,3.72301E+14,12/11/2023,Success
americanexpress,3.74623E+14,01/09/2024,Success
americanexpress,3.37942E+14,03/01/2024,Success
visa,4.04159E+12,3/13/2023,Success
americanexpress,3.74284E+14,12/07/2023,Success
visa,4.0416E+12,8/15/2023,Success
americanexpress,3.37942E+14,01/11/2024,Success
visa,4041590959269401,4/23/2023,Success
mastercard,5108754443393493,09/01/2023,Success
mastercard,5100173219537985,02/08/2024,Success
americanexpress,3.37942E+14,9/25/2023,Success
mastercard,5002354642451320,09/02/2023,Success
americanexpress,3.74623E+14,10/24/2023,Success
mastercard,5048376766783739,2/25/2024,Success
mastercard,5007664456267280,01/12/2024,Success
mastercard,5108756239765362,09/01/2023,Success
americanexpress,3.74622E+14,7/24/2023,Success
americanexpress,3.74289E+14,08/12/2023,Success
mastercard,5100138599413693,10/24/2023,Success
mastercard,5100130365743536,7/30/2023,Success
mastercard,5108756291457437,2/24/2024,Success
mastercard,5108756765145757,10/17/2023,Success
americanexpress,3.37942E+14,2/13/2024,Success
americanexpress,3.74289E+14,9/25/2023,Success
americanexpress,3.74623E+14,1/17/2024,Success
mastercard,5100171614755673,9/22/2023,Success
americanexpress,3.74284E+14,1/17/2024,Success
americanexpress,3.37941E+14,3/13/2023,Success
americanexpress,3.37941E+14,2/19/2024,Pending
mastercard,5100136019467299,7/30/2023,Failed
americanexpress,3.37941E+14,2/18/2024,Failed
mastercard,5100134882875227,5/14/2023,Failed
mastercard,5007669870695255,3/16/2023,Failed
mastercard,5108758275358037,05/09/2023,Failed
visa,4.04137E+12,4/25/2023,Failed
mastercard,5100147486589689,5/23/2023,Failed
americanexpress,3.74289E+14,7/25/2023,Failed
mastercard,5002354872335912,12/25/2023,Failed
americanexpress,3.37941E+14,10/25/2023,Failed
mastercard,5108753383365222,10/03/2023,Failed
mastercard,5100133793011989,7/18/2023,Failed
americanexpress,3.37942E+14,5/18/2023,Failed
americanexpress,3.74622E+14,2/22/2024,Failed
americanexpress,3.37941E+14,10/31/2023,Failed
mastercard,5048371397230820,10/13/2023,Success
visa,4041370167090596,6/30/2023,Success
mastercard,5100179544567084,3/16/2023,Success
visa,4041592333835956,11/11/2023,Success
mastercard,5048372676393206,05/05/2023,Success
americanexpress,3.74283E+14,11/26/2023,Success
americanexpress,3.74283E+14,05/11/2023,Pending
visa,4041372168937817,03/01/2024,Pending
americanexpress,3.72302E+14,2/13/2024,Pending
mastercard,5010121968305947,11/08/2023,Pending
mastercard,5007668129961799,06/11/2023,Pending
americanexpress,3.74622E+14,01/01/2024,Pending
americanexpress,3.37941E+14,01/05/2024,Pending
mastercard,5108755764698626,9/14/2023,Pending
americanexpress,3.74284E+14,09/02/2023,Pending
visa,4.04137E+12,02/11/2024,Pending
americanexpress,3.37941E+14,11/26/2023,Pending
mastercard,5108756543176827,11/06/2023,Pending
americanexpress,3.74623E+14,11/11/2023,Pending
mastercard,5007669721554735,11/24/2023,Pending
americanexpress,3.74622E+14,01/07/2024,Success
americanexpress,3.74623E+14,11/24/2023,Success
americanexpress,3.37942E+14,08/02/2023,Success
visa,4.04138E+12,10/17/2023,Success
americanexpress,3.74283E+14,06/02/2023,Success
americanexpress,3.74622E+14,12/23/2023,Success
visa,4.04137E+12,5/14/2023,Success
mastercard,5100144927582795,04/07/2023,Success
visa,4.04137E+12,5/18/2023,Success
americanexpress,3.74623E+14,10/22/2023,Success
visa,4.04159E+12,01/08/2024,Success
americanexpress,3.74622E+14,10/14/2023,Success
mastercard,5010121295071154,12/31/2023,Success
americanexpress,3.74289E+14,6/13/2023,Success
mastercard,5108752980301473,11/04/2023,Success
visa,4.0416E+12,8/18/2023,Success
americanexpress,3.74623E+14,7/18/2023,Success
mastercard,5002356385470375,5/14/2023,Success
americanexpress,3.74288E+14,7/22/2023,Success
visa,4.01795E+12,09/08/2023,Success
americanexpress,3.74622E+14,9/19/2023,Success
mastercard,5007668820745822,4/25/2023,Success
mastercard,5100131321629322,3/24/2023,Success
visa,4041596257807362,03/01/2024,Success
mastercard,5048370429177132,08/04/2023,Success
mastercard,5100141455249912,01/03/2024,Success
mastercard,5100175531818886,4/24/2023,Success
americanexpress,3.74623E+14,5/28/2023,Success
mastercard,5048377875429024,09/06/2023,Success
mastercard,5108756762977400,9/23/2023,Success
mastercard,5100177750333894,04/02/2023,Success
visa,4.01796E+12,12/15/2023,Success
americanexpress,3.37941E+14,03/07/2023,Success
mastercard,5048371420542951,12/19/2023,Success
visa,4.04137E+12,11/01/2023,Success
americanexpress,3.37941E+14,05/05/2023,Success
americanexpress,3.74623E+14,1/24/2024,Success
americanexpress,3.74622E+14,04/04/2023,Success
americanexpress,3.74284E+14,6/13/2023,Success
americanexpress,3.74289E+14,06/12/2023,Success
mastercard,5100170394963622,7/20/2023,Success
americanexpress,3.74289E+14,1/15/2024,Success
americanexpress,3.37941E+14,06/05/2023,Failed
americanexpress,3.37942E+14,01/05/2024,Failed
visa,4041591227825073,4/20/2023,Failed
visa,4.01795E+12,10/23/2023,Failed
americanexpress,3.37942E+14,10/19/2023,Failed
mastercard,5100170047055305,5/25/2023,Failed
mastercard,5002354769853977,10/30/2023,Failed
americanexpress,3.74622E+14,8/29/2023,Success
mastercard,5002351184060311,11/20/2023,Success
visa,4.01795E+12,10/12/2023,Success
visa,4.04138E+12,1/24/2024,Success
americanexpress,3.37941E+14,07/03/2023,Success
mastercard,5048378137820513,11/17/2023,Success
visa,4017958917652283,11/02/2023,Success
mastercard,5010127922453053,5/27/2023,Success
visa,4041591659061965,05/04/2023,Success
mastercard,5100171583058281,12/11/2023,Success
visa,4.01795E+12,02/04/2024,Success
mastercard,5010123074810323,05/09/2023,Success
visa,4017955524815048,5/20/2023,Success
americanexpress,3.37941E+14,4/20/2023,Success
americanexpress,3.74284E+14,1/17/2024,Success
mastercard,5010126022051791,5/27/2023,Success
americanexpress,3.74289E+14,02/12/2024,Pending
americanexpress,3.74622E+14,09/03/2023,Pending
visa,4.01795E+12,11/27/2023,Pending
americanexpress,3.74288E+14,02/06/2024,Pending
mastercard,5100149881892981,7/22/2023,Pending
visa,4041378604994361,06/10/2023,Pending
visa,4.01795E+12,1/29/2024,Pending
mastercard,5108752189003557,03/04/2023,Pending
americanexpress,3.37941E+14,5/17/2023,Pending
mastercard,5048372795567656,8/31/2023,Pending
mastercard,5002359829321246,10/23/2023,Pending
mastercard,5002358376190798,12/17/2023,Success
mastercard,5108752863789380,1/17/2024,Success
americanexpress,3.74623E+14,12/20/2023,Success
americanexpress,3.72301E+14,09/03/2023,Success
mastercard,5100148982383536,08/02/2023,Success
mastercard,5010120880322253,1/19/2024,Success
visa,4.01795E+12,10/09/2023,Success
mastercard,5007664496147765,9/27/2023,Success
mastercard,5108752474315963,12/17/2023,Success
americanexpress,3.37941E+14,12/20/2023,Success
americanexpress,3.74622E+14,06/01/2023,Success
americanexpress,3.74622E+14,9/15/2023,Success
americanexpress,3.37941E+14,3/15/2023,Success
mastercard,5002355297031358,02/12/2024,Success
mastercard,5007661297530413,10/02/2023,Success
visa,4.04159E+12,09/03/2023,Success
americanexpress,3.74622E+14,01/10/2024,Success
mastercard,5007661041022600,04/12/2023,Success
mastercard,5100141690228929,12/03/2023,Success
americanexpress,3.37942E+14,10/22/2023,Success
americanexpress,3.74288E+14,08/03/2023,Success
americanexpress,3.74289E+14,9/27/2023,Success
americanexpress,3.74623E+14,3/27/2023,Success
mastercard,5002354545180000,1/22/2024,Success
mastercard,5002357820316561,3/20/2023,Success
mastercard,5010122770083417,6/27/2023,Success
americanexpress,3.74289E+14,12/22/2023,Success
americanexpress,3.74622E+14,05/12/2023,Success
americanexpress,3.37942E+14,2/20/2024,Success
visa,4041377935634308,12/03/2023,Success
mastercard,5100139511274031,12/18/2023,Success
visa,4.01795E+12,10/03/2023,Success
americanexpress,3.74283E+14,12/06/2023,Success
americanexpress,3.37942E+14,2/22/2024,Success
americanexpress,3.74289E+14,6/19/2023,Success
mastercard,5100143808161521,09/11/2023,Success
visa,4.04137E+12,05/03/2023,Success
americanexpress,3.74623E+14,8/13/2023,Failed
americanexpress,3.74288E+14,7/26/2023,Failed
visa,4.04159E+12,11/04/2023,Failed
americanexpress,3.72302E+14,06/04/2023,Failed
mastercard,5100139327050674,1/24/2024,Failed
visa,4.04137E+12,1/19/2024,Failed
visa,4017954610779598,02/08/2024,Failed
americanexpress,3.37942E+14,1/27/2024,Success
mastercard,5048379011459428,3/25/2023,Success
mastercard,5002357730283869,01/06/2024,Success
mastercard,5100176965887199,12/26/2023,Success
visa,4.01795E+12,11/06/2023,Success
americanexpress,3.74623E+14,3/20/2023,Success
visa,4.0416E+12,01/03/2024,Success
visa,4041598881975482,06/05/2023,Success
mastercard,5048375831757660,03/09/2023,Success
mastercard,5100132111339114,05/12/2023,Success
visa,4017958897721652,08/07/2023,Success
mastercard,5100144351414838,12/23/2023,Success
americanexpress,3.37941E+14,1/15/2024,Success
mastercard,5100175152775332,7/25/2023,Success
americanexpress,3.37941E+14,9/20/2023,Success
americanexpress,3.37942E+14,3/28/2023,Success
americanexpress,3.74283E+14,2/22/2024,Pending
mastercard,5100142180211466,5/29/2023,Pending
americanexpress,3.74623E+14,04/12/2023,Pending
americanexpress,3.74283E+14,6/29/2023,Pending
visa,4041591660320251,4/19/2023,Pending
visa,4.04138E+12,9/30/2023,Pending
mastercard,5007666105637409,6/21/2023,Pending
mastercard,5100143574980351,12/02/2023,Pending
americanexpress,3.37942E+14,7/30/2023,Pending
mastercard,5100174267801349,12/10/2023,Pending
americanexpress,3.74288E+14,10/12/2023,Pending
americanexpress,3.74288E+14,08/03/2023,Success
americanexpress,3.37941E+14,09/06/2023,Success
mastercard,5100133580327234,4/17/2023,Success
americanexpress,3.72302E+14,5/19/2023,Success
americanexpress,3.37941E+14,05/06/2023,Success
mastercard,5010128739116826,11/16/2023,Success
mastercard,5007663148123943,10/01/2023,Success
mastercard,5100144749876458,12/08/2023,Success
mastercard,5010121309509348,1/29/2024,Success
visa,4.0416E+12,10/31/2023,Success
mastercard,5100133170662859,4/29/2023,Success
americanexpress,3.72301E+14,03/08/2023,Success
visa,4.04138E+12,2/18/2024,Success
mastercard,5002359940450247,09/12/2023,Success
mastercard,5048375540476057,8/25/2023,Success
americanexpress,3.74288E+14,03/12/2023,Success
americanexpress,3.37942E+14,4/19/2023,Success
visa,4.04137E+12,05/09/2023,Success
americanexpress,3.74623E+14,12/15/2023,Success
americanexpress,3.37942E+14,03/01/2024,Success
visa,4.01795E+12,6/27/2023,Success
americanexpress,3.72301E+14,6/29/2023,Success
americanexpress,3.37941E+14,01/09/2024,Success
visa,4.04137E+12,4/16/2023,Success
americanexpress,3.74623E+14,1/22/2024,Success
americanexpress,3.74623E+14,7/23/2023,Success
visa,4.04159E+12,5/21/2023,Success
mastercard,5010120801680805,02/06/2024,Success
americanexpress,3.37942E+14,1/23/2024,Success
mastercard,5108757474507642,08/01/2023,Success
americanexpress,3.74289E+14,4/22/2023,Success
americanexpress,3.74283E+14,4/18/2023,Success
mastercard,5048372362387082,6/23/2023,Success
americanexpress,3.74288E+14,10/12/2023,Success
mastercard,5108756607938039,7/30/2023,Success
mastercard,5007661282165043,7/27/2023,Success
visa,4.0416E+12,5/16/2023,Success
americanexpress,3.74289E+14,9/23/2023,Failed
mastercard,5048378471769417,07/10/2023,Failed
mastercard,5100143217005954,05/03/2023,Failed
visa,4.04137E+12,07/09/2023,Failed
mastercard,5100177396209268,12/14/2023,Failed
americanexpress,3.74622E+14,8/27/2023,Failed
visa,4.04159E+12,10/22/2023,Failed
mastercard,5100141002519189,10/30/2023,Success
mastercard,5100135523522201,6/29/2023,Success
visa,4041591414588559,11/17/2023,Success
americanexpress,3.37941E+14,1/14/2024,Success
mastercard,5108759913309556,3/24/2023,Success
mastercard,5100177724279181,9/27/2023,Success
americanexpress,3.37941E+14,4/27/2023,Success
mastercard,5100132174826395,08/12/2023,Success
mastercard,5002351363572839,03/06/2023,Success
visa,4041594256016028,7/26/2023,Success
americanexpress,3.37942E+14,1/17/2024,Success
mastercard,5007667883769737,10/01/2023,Success
visa,4.01795E+12,12/15/2023,Success
mastercard,5100172763774408,07/07/2023,Success
americanexpress,3.74284E+14,3/14/2023,Success
visa,4.01795E+12,9/22/2023,Success
americanexpress,3.72302E+14,8/28/2023,Success
visa,4.01795E+12,11/19/2023,Success
mastercard,5108755987692919,3/21/2023,Success
americanexpress,3.72302E+14,11/21/2023,Success
americanexpress,3.37942E+14,11/07/2023,Success
visa,4.04159E+12,12/22/2023,Success
mastercard,5100173965905220,07/11/2023,Success
mastercard,5100147610099175,7/13/2023,Success
mastercard,5048379839951655,6/26/2023,Success
mastercard,5010122601801821,11/03/2023,Success
americanexpress,3.74283E+14,7/15/2023,Success
visa,4.0416E+12,09/10/2023,Success
visa,4041590206090840,08/04/2023,Success
mastercard,5100179641518139,8/17/2023,Success
visa,4017956556598155,11/03/2023,Success
mastercard,5002351497005128,5/16/2023,Success
visa,4041597919355568,05/11/2023,Success
visa,4041370078952314,11/16/2023,Success
mastercard,5100177184084964,3/24/2023,Success
americanexpress,3.72301E+14,5/17/2023,Success
mastercard,5100139794357925,6/19/2023,Success
mastercard,5002359103813496,11/30/2023,Success
mastercard,5048377429162667,3/14/2023,Success
americanexpress,3.74622E+14,12/21/2023,Success
americanexpress,3.37941E+14,10/03/2023,Success
americanexpress,3.37942E+14,1/13/2024,Failed
mastercard,5002356838709379,10/30/2023,Success
americanexpress,3.37941E+14,1/26/2024,Success
mastercard,5108750686712431,07/12/2023,Success
mastercard,5010120972018710,07/08/2023,Success
mastercard,5007662525350327,6/14/2023,Success
americanexpress,3.37942E+14,12/16/2023,Success
visa,4041590774319019,7/29/2023,Success
mastercard,5108757393701706,02/06/2024,Success
visa,4041599168525776,03/05/2023,Success
americanexpress,3.72301E+14,04/12/2023,Success
visa,4.04138E+12,8/23/2023,Success
americanexpress,3.74622E+14,11/09/2023,Success
americanexpress,3.37941E+14,08/08/2023,Success
mastercard,5010128495729820,10/20/2023,Success
americanexpress,3.72301E+14,06/12/2023,Success
americanexpress,3.37941E+14,7/28/2023,Success
americanexpress,3.74284E+14,09/11/2023,Success
americanexpress,3.74289E+14,12/27/2023,Success
mastercard,5100172319299348,12/08/2023,Success
mastercard,5048378808755618,10/10/2023,Success
americanexpress,3.74623E+14,11/08/2023,Success
mastercard,5100135387312897,6/20/2023,Success
americanexpress,3.74288E+14,10/17/2023,Success
mastercard,5048375662009892,04/05/2023,Success
americanexpress,3.74289E+14,12/23/2023,Success
mastercard,5100131312450415,1/18/2024,Success
visa,4.01795E+12,05/05/2023,Success
americanexpress,3.37941E+14,12/18/2023,Success
americanexpress,3.74622E+14,4/23/2023,Success
mastercard,5007666020114773,07/11/2023,Success
mastercard,5100174816695457,02/02/2024,Success
americanexpress,3.74622E+14,9/25/2023,Pending
mastercard,5007661554426321,10/09/2023,Failed
americanexpress,3.37941E+14,1/29/2024,Failed
visa,4.04138E+12,02/07/2024,Failed
americanexpress,3.72302E+14,04/10/2023,Failed
americanexpress,3.72302E+14,8/18/2023,Failed
mastercard,5100143529416725,10/25/2023,Failed
visa,4017953294141729,11/27/2023,Failed
americanexpress,3.74288E+14,9/20/2023,Failed
visa,4.01796E+12,12/30/2023,Failed
americanexpress,3.37942E+14,12/07/2023,Failed
americanexpress,3.37942E+14,06/02/2023,Failed
mastercard,5100149492847259,12/03/2023,Failed
mastercard,5108751238525909,10/12/2023,Failed
mastercard,5100176834642064,7/24/2023,Failed
visa,4041597039493687,04/12/2023,Failed
americanexpress,3.74284E+14,9/16/2023,Success
americanexpress,3.37942E+14,6/13/2023,Success
americanexpress,3.74623E+14,03/09/2023,Success
americanexpress,3.74284E+14,4/19/2023,Success
americanexpress,3.74284E+14,5/17/2023,Success
americanexpress,3.74622E+14,05/07/2023,Success
mastercard,5048371457411096,11/22/2023,Pending
americanexpress,3.37941E+14,1/19/2024,Pending
visa,4041596101585594,12/19/2023,Pending
visa,4041594727776515,10/22/2023,Pending
americanexpress,3.37942E+14,04/10/2023,Pending
mastercard,5100131060582344,4/26/2023,Pending
americanexpress,3.74623E+14,5/15/2023,Pending
visa,4041593959519338,9/19/2023,Pending
mastercard,5100174832791884,12/18/2023,Pending
americanexpress,3.74623E+14,11/03/2023,Pending
mastercard,5010125113774980,12/23/2023,Pending
americanexpress,3.37941E+14,5/26/2023,Pending
visa,4.01795E+12,10/08/2023,Pending
mastercard,5108755265477066,1/16/2024,Pending
mastercard,5108755996841754,3/25/2023,Success
americanexpress,3.74623E+14,5/31/2023,Success
mastercard,5100177657848333,6/16/2023,Success
americanexpress,3.74284E+14,7/27/2023,Success
visa,4041372169269749,03/05/2023,Success
mastercard,5100144872131309,11/11/2023,Success
mastercard,5100146561437368,05/02/2023,Success
visa,4041598634444083,08/05/2023,Success
americanexpress,3.74622E+14,01/01/2024,Success
mastercard,5100133444624438,09/07/2023,Success
americanexpress,3.74623E+14,05/03/2023,Success
mastercard,5100178282168071,4/15/2023,Success
americanexpress,3.37942E+14,7/29/2023,Success
mastercard,5100172161762435,6/30/2023,Success
americanexpress,3.37941E+14,5/30/2023,Success
americanexpress,3.74623E+14,2/17/2024,Success
mastercard,5108755272792366,7/28/2023,Success
mastercard,5048376680427876,12/06/2023,Success
americanexpress,3.74623E+14,5/17/2023,Success
americanexpress,3.37942E+14,8/17/2023,Success
visa,4017954653135641,12/19/2023,Success
visa,4.0416E+12,2/29/2024,Success
mastercard,5100170929483625,08/02/2023,Success
visa,4017952676238590,7/28/2023,Success
americanexpress,3.74289E+14,2/21/2024,Success
americanexpress,3.74623E+14,04/09/2023,Success
americanexpress,3.74283E+14,12/02/2023,Success
mastercard,5108757206045952,8/13/2023,Success
visa,4017957246948800,12/01/2023,Success
mastercard,5100147812562285,12/09/2023,Success
mastercard,5048375699350608,06/07/2023,Success
visa,4041595858728498,07/01/2023,Success
visa,4.04137E+12,11/29/2023,Success
mastercard,5108754047647062,10/29/2023,Success
mastercard,5100172520287264,04/07/2023,Success
mastercard,5108757386094697,4/17/2023,Success
mastercard,5002352225793068,4/26/2023,Success
americanexpress,3.74622E+14,01/08/2024,Success
visa,4.04137E+12,9/25/2023,Success
americanexpress,3.37941E+14,8/14/2023,Success
americanexpress,3.74284E+14,6/20/2023,Success
mastercard,5048371227754551,10/16/2023,Success
americanexpress,3.37942E+14,09/07/2023,Failed
americanexpress,3.74623E+14,5/19/2023,Failed
americanexpress,3.72302E+14,08/05/2023,Failed
mastercard,5100171579401693,12/01/2023,Failed
visa,4041593722583553,10/14/2023,Failed
mastercard,5100131724003752,05/05/2023,Failed
mastercard,5100147129785579,9/18/2023,Failed
mastercard,5100144863351668,5/21/2023,Success
mastercard,5100178711322638,11/24/2023,Success
mastercard,5100134482137838,7/13/2023,Success
visa,4.04159E+12,1/21/2024,Success
visa,4.01795E+12,10/19/2023,Success
visa,4017951650948208,11/14/2023,Success
visa,4.04159E+12,04/07/2023,Success
visa,4041374855305126,9/15/2023,Success
americanexpress,3.74623E+14,06/07/2023,Success
americanexpress,3.74623E+14,8/29/2023,Success
mastercard,5100132190156207,7/21/2023,Success
americanexpress,3.37942E+14,11/14/2023,Success
americanexpress,3.37941E+14,03/06/2023,Success
mastercard,5048375211482368,03/09/2023,Success
americanexpress,3.74289E+14,05/12/2023,Success
americanexpress,3.74288E+14,4/20/2023,Success
americanexpress,3.74622E+14,9/30/2023,Pending
mastercard,5108753085357998,5/18/2023,Pending
mastercard,5108753227715178,3/16/2023,Pending
americanexpress,3.74622E+14,11/21/2023,Pending
visa,4.04159E+12,9/29/2023,Pending
mastercard,5100131952530930,02/03/2024,Pending
americanexpress,3.74289E+14,08/10/2023,Pending
mastercard,5010127804663274,01/07/2024,Pending
visa,4.01795E+12,8/21/2023,Pending
americanexpress,3.37941E+14,11/21/2023,Pending
visa,4.04159E+12,6/30/2023,Pending
visa,4041372637855186,04/10/2023,Success
americanexpress,3.37941E+14,8/20/2023,Success
americanexpress,3.74623E+14,12/30/2023,Success
visa,4.04159E+12,02/11/2024,Success
mastercard,5100132028206208,05/06/2023,Success
visa,4.01796E+12,11/17/2023,Success
americanexpress,3.37942E+14,2/16/2024,Success
americanexpress,3.74623E+14,12/04/2023,Success
mastercard,5108756550662545,03/04/2023,Success
mastercard,5010122376261326,11/27/2023,Success
mastercard,5048372587937729,9/26/2023,Success
visa,4.0416E+12,7/22/2023,Success
mastercard,5100170282267599,07/07/2023,Success
mastercard,5108753394539401,11/18/2023,Success
visa,4041592175260024,3/26/2023,Success
mastercard,5010123499347497,8/28/2023,Success
mastercard,5048373219537507,1/20/2024,Success
americanexpress,3.74622E+14,8/27/2023,Success
americanexpress,3.37942E+14,08/07/2023,Success
mastercard,5100176928573928,07/02/2023,Success
visa,4041375824094899,3/21/2023,Success
americanexpress,3.74622E+14,04/02/2023,Success
visa,4.01796E+12,05/10/2023,Success
mastercard,5100177563266901,1/17/2024,Success
mastercard,5002358930046809,04/04/2023,Success
americanexpress,3.74622E+14,02/05/2024,Success
americanexpress,3.74284E+14,04/04/2023,Success
visa,4.04159E+12,01/04/2024,Success
americanexpress,3.74283E+14,1/20/2024,Success
mastercard,5007663744346021,02/03/2024,Success
americanexpress,3.37941E+14,3/23/2023,Success
americanexpress,3.74284E+14,07/11/2023,Success
americanexpress,3.74623E+14,4/30/2023,Success
mastercard,5010129981053584,5/29/2023,Success
mastercard,5108755537393653,11/25/2023,Success
americanexpress,3.74284E+14,10/06/2023,Success
americanexpress,3.37941E+14,11/26/2023,Success
americanexpress,3.74284E+14,8/18/2023,Failed
mastercard,5002356180803069,5/30/2023,Failed
visa,4017953839428599,10/04/2023,Failed
mastercard,5010121552117070,8/16/2023,Failed
americanexpress,3.74289E+14,01/10/2024,Failed
mastercard,5048376551238485,08/06/2023,Failed
visa,4017954260264297,3/23/2023,Failed
americanexpress,3.72302E+14,7/16/2023,Success
americanexpress,3.74289E+14,07/02/2023,Success
visa,4041590230601455,11/29/2023,Success
americanexpress,3.74289E+14,09/08/2023,Success
americanexpress,3.74283E+14,01/04/2024,Success
americanexpress,3.74289E+14,9/23/2023,Success
visa,4.0416E+12,4/21/2023,Success
mastercard,5108757625033936,8/20/2023,Success
americanexpress,3.74284E+14,11/08/2023,Success
americanexpress,3.72301E+14,9/25/2023,Success
mastercard,5108757402087451,03/03/2024,Success
mastercard,5010129036247413,2/27/2024,Success
americanexpress,3.74283E+14,5/21/2023,Success
mastercard,5048371696859618,11/16/2023,Success
mastercard,5007662305103227,12/03/2023,Success
americanexpress,3.37942E+14,12/12/2023,Success
visa,4.04137E+12,10/01/2023,Pending
mastercard,5100143270459122,3/27/2023,Pending
americanexpress,3.37942E+14,3/22/2023,Pending
americanexpress,3.74622E+14,1/31/2024,Pending
visa,4041593664744171,09/08/2023,Pending
mastercard,5100148880763474,2/17/2024,Pending
visa,4041590385333466,8/22/2023,Pending
americanexpress,3.37942E+14,07/12/2023,Pending
mastercard,5007666075327593,1/14/2024,Pending
mastercard,5048375792608233,5/24/2023,Pending
americanexpress,3.37942E+14,01/10/2024,Pending
mastercard,5002357160555950,1/15/2024,Success
americanexpress,3.74289E+14,1/21/2024,Success
visa,4.0416E+12,11/30/2023,Success
americanexpress,3.72301E+14,07/01/2023,Success
americanexpress,3.74623E+14,03/07/2023,Success
americanexpress,3.74622E+14,10/25/2023,Success
americanexpress,3.74622E+14,04/04/2023,Success
mastercard,5002352602905111,1/21/2024,Success
mastercard,5048370146377122,1/16/2024,Success
mastercard,5100178687711566,6/19/2023,Success
mastercard,5048370016995839,9/26/2023,Success
mastercard,5100149266212847,4/27/2023,Success
americanexpress,3.74283E+14,10/23/2023,Success
americanexpress,3.74622E+14,08/06/2023,Success
americanexpress,3.74288E+14,10/26/2023,Success
americanexpress,3.74623E+14,11/27/2023,Success
mastercard,5100179459502977,11/11/2023,Success
visa,4.04159E+12,07/10/2023,Success
visa,4041592871730593,8/30/2023,Success
mastercard,5100135157047368,5/23/2023,Success
mastercard,5048379950148099,3/18/2023,Success
americanexpress,3.37942E+14,7/30/2023,Success
americanexpress,3.37941E+14,02/12/2024,Success
americanexpress,3.37941E+14,05/01/2023,Success
americanexpress,3.74623E+14,7/14/2023,Success
americanexpress,3.74284E+14,5/17/2023,Success
americanexpress,3.74622E+14,07/06/2023,Success
visa,4.0416E+12,4/29/2023,Success
mastercard,5100133317902671,01/11/2024,Success
americanexpress,3.74284E+14,3/23/2023,Success
mastercard,5108759337317987,01/03/2024,Success
americanexpress,3.74622E+14,10/23/2023,Success
americanexpress,3.37942E+14,1/20/2024,Success
mastercard,5100171454799955,7/27/2023,Success
visa,4.0416E+12,9/29/2023,Success
americanexpress,3.37942E+14,11/05/2023,Success
americanexpress,3.74623E+14,02/05/2024,Success
americanexpress,3.74622E+14,06/05/2023,Failed
americanexpress,3.74283E+14,7/21/2023,Failed
visa,4.04159E+12,8/21/2023,Failed
mastercard,5108759813471993,6/17/2023,Failed
americanexpress,3.74288E+14,6/29/2023,Failed
americanexpress,3.74623E+14,05/07/2023,Failed
visa,4041590276768341,8/19/2023,Failed
visa,4017954857865605,6/16/2023,Success
mastercard,5100144898717941,10/24/2023,Success
americanexpress,3.37941E+14,4/22/2023,Success
americanexpress,3.74289E+14,4/28/2023,Success
visa,4.04159E+12,3/18/2023,Success
visa,4041372244180671,3/31/2023,Success
visa,4.01796E+12,01/01/2024,Success
americanexpress,3.74284E+14,2/20/2024,Success
mastercard,5007669210276915,01/06/2024,Success
mastercard,5010124015391258,02/12/2024,Success
mastercard,5010126908677446,3/20/2023,Success
visa,4.04137E+12,4/24/2023,Success
americanexpress,3.74283E+14,1/29/2024,Success
visa,4041591903382050,5/27/2023,Success
mastercard,5100146634385255,12/09/2023,Success
americanexpress,3.74622E+14,01/06/2024,Success
visa,4.01795E+12,4/22/2023,Success
mastercard,5002353056681059,07/11/2023,Success
mastercard,5100173408706581,6/21/2023,Success
americanexpress,3.74283E+14,12/28/2023,Success
americanexpress,3.74284E+14,11/25/2023,Success
visa,4041599953022567,4/15/2023,Success
mastercard,5010129021835644,07/07/2023,Success
visa,4041377270684264,3/16/2023,Success
mastercard,5100144439953682,01/08/2024,Success
americanexpress,3.37941E+14,8/19/2023,Success
americanexpress,3.74622E+14,2/21/2024,Success
americanexpress,3.74283E+14,7/14/2023,Success
mastercard,5010125122850417,1/23/2024,Success
americanexpress,3.74623E+14,09/12/2023,Success
mastercard,5108754709617668,8/26/2023,Success
mastercard,5002359489040573,02/07/2024,Success
americanexpress,3.37942E+14,12/26/2023,Success
visa,4041597117019511,1/25/2024,Success
mastercard,5100135886228057,7/28/2023,Success
visa,4017956316565718,09/05/2023,Success
mastercard,5010129875105326,2/27/2024,Success
americanexpress,3.37942E+14,03/11/2023,Success
americanexpress,3.37942E+14,03/04/2023,Success
mastercard,5002357017425860,11/04/2023,Success
mastercard,5048375977744993,9/29/2023,Success
mastercard,5048379699241627,12/30/2023,Success
americanexpress,3.74622E+14,06/03/2023,Success
mastercard,5048373812197360,01/10/2024,Success
visa,4.04159E+12,11/29/2023,Success
visa,4.0416E+12,07/03/2023,Success
mastercard,5108753135315574,4/20/2023,Success
visa,4.04138E+12,12/02/2023,Success
americanexpress,3.72301E+14,8/18/2023,Success
mastercard,5108754820283705,5/28/2023,Success
americanexpress,3.74289E+14,12/19/2023,Success
americanexpress,3.74289E+14,08/10/2023,Success
mastercard,5100145813571016,4/25/2023,Success
americanexpress,3.74622E+14,07/07/2023,Success
americanexpress,3.37942E+14,5/25/2023,Success
mastercard,5002358912061784,5/23/2023,Success
mastercard,5100147076118907,4/13/2023,Success
americanexpress,3.37941E+14,6/20/2023,Success
mastercard,5048376464617064,7/21/2023,Success
americanexpress,3.72302E+14,3/21/2023,Success
americanexpress,3.37941E+14,6/16/2023,Success
visa,4.04138E+12,12/13/2023,Success
mastercard,5108752028481519,02/02/2024,Success
americanexpress,3.72302E+14,07/12/2023,Success
americanexpress,3.74622E+14,5/17/2023,Success
visa,4041593831110942,12/16/2023,Success
americanexpress,3.37942E+14,02/01/2024,Success
americanexpress,3.74284E+14,04/07/2023,Success
americanexpress,3.74622E+14,5/26/2023,Success
americanexpress,3.37941E+14,1/22/2024,Success
mastercard,5108757549633993,03/05/2023,Success
visa,4.0416E+12,6/15/2023,Success
americanexpress,3.74284E+14,02/02/2024,Success
visa,4.04159E+12,09/01/2023,Success
mastercard,5010121094230829,07/12/2023,Success
visa,4041590150087669,11/21/2023,Success
visa,4041593680130207,5/30/2023,Success
mastercard,5002353741539928,6/13/2023,Success
mastercard,5007669425084963,06/04/2023,Success
visa,4.04159E+12,11/29/2023,Success
mastercard,5010127362909762,03/06/2023,Success
americanexpress,3.37941E+14,7/28/2023,Success
americanexpress,3.74283E+14,04/07/2023,Success
americanexpress,3.72301E+14,05/08/2023,Success
mastercard,5100140039441045,11/19/2023,Success
americanexpress,3.37942E+14,02/04/2024,Success
visa,4.04138E+12,08/12/2023,Success
visa,4041599333835589,6/20/2023,Success
visa,4.01796E+12,10/15/2023,Success
visa,4.01796E+12,8/20/2023,Success
americanexpress,3.74284E+14,7/16/2023,Success
visa,4.01796E+12,11/03/2023,Success
americanexpress,3.37941E+14,12/21/2023,Success
americanexpress,3.37942E+14,11/26/2023,Success
mastercard,5100135093126458,10/08/2023,Success
americanexpress,3.74622E+14,12/18/2023,Success
americanexpress,3.74622E+14,3/30/2023,Success
visa,4.04159E+12,1/16/2024,Success
visa,4.04137E+12,5/20/2023,Success
americanexpress,3.72301E+14,3/15/2023,Success
americanexpress,3.74289E+14,12/25/2023,Success
mastercard,5007666167873611,09/11/2023,Success
americanexpress,3.74289E+14,6/28/2023,Success
americanexpress,3.74288E+14,9/26/2023,Success
mastercard,5100141290828193,5/17/2023,Success
visa,4.04159E+12,10/25/2023,Success
mastercard,5010129922664325,07/10/2023,Success
visa,4041597236590442,2/26/2024,Success
mastercard,5100130629112908,6/13/2023,Success
americanexpress,3.72302E+14,01/02/2024,Success
americanexpress,3.37942E+14,5/17/2023,Success
visa,4041594366360902,5/21/2023,Success
americanexpress,3.74283E+14,10/07/2023,Success
visa,4041592345248982,6/26/2023,Success
visa,4041374436946018,11/08/2023,Success
americanexpress,3.37941E+14,7/18/2023,Success
visa,4.04159E+12,6/26/2023,Success
mastercard,5048374006287215,11/25/2023,Success
americanexpress,3.74623E+14,04/11/2023,Success
visa,4.04138E+12,11/03/2023,Success
mastercard,5100141431778588,11/12/2023,Success
americanexpress,3.37942E+14,2/28/2024,Success
mastercard,5100135577240551,09/02/2023,Success
americanexpress,3.74284E+14,11/16/2023,Success
visa,4.01795E+12,11/10/2023,Success
americanexpress,3.74289E+14,03/12/2023,Success
visa,4041591985981258,06/10/2023,Success
americanexpress,3.74622E+14,10/29/2023,Success
mastercard,5048379153340519,12/19/2023,Success
mastercard,5100148194083346,12/26/2023,Success
americanexpress,3.37942E+14,4/17/2023,Success
americanexpress,3.74623E+14,01/01/2024,Success
visa,4041592080170870,4/23/2023,Success
americanexpress,3.74622E+14,4/30/2023,Success
visa,4.0416E+12,5/17/2023,Success
mastercard,5002350099243921,5/19/2023,Success
visa,4041593078536536,8/24/2023,Success
mastercard,5100143385101619,08/07/2023,Success
americanexpress,3.37942E+14,12/29/2023,Success
americanexpress,3.74289E+14,04/10/2023,Success
americanexpress,3.74623E+14,03/06/2023,Success
